create database Web_banson

create table Categogies (
	id INT primary key,
	name VARCHAR(50),
	[description] NVARCHAR(600)
);
insert into Categogies (id, name,[description]) values (1, 'Son Romand - Glasting Water Tint', N'Sở dĩ son có tên gọi Glasting Water Tint vì son như được "phủ nước", khi bạn thoa son lên môi, sau khoảng 3 giây son sẽ xuất hiện hiệu ứng bóng và tạo một lớp nước trên môi. Độ bóng có thể điều chỉnh dễ dàng, tông màu được giữ bên dưới lớp bóng nên sẽ khó biến mất và có độ bám tốt. Đặc biệt sau lớp son bóng giúp môi căng mọng là lớp son lì hoàn hảo trên môi.');
insert into Categogies (id, name,[description]) values (2, 'Son Romand - Zero Velvet Tint',N'Son kem lì Romand Zero Velvet Tint là son kem lì của thương hiệu Romand với kết cấu velvet xốp mềm cùng bảng màu đa dạng, dễ dùng cho đôi môi lên màu chuẩn, mịn mượt, nổi bật dù bạn ở bất cứ đâu. Romand Zero Velvet Tint có thân hình trụ tròn, vỏ nhám lì dễ dàng phân biệt màu son bên trong, kích thước cầm vừa tay. Chất son mềm mịn như bông, không hề bóng hay dễ bị lem khi lên môi. Độ bám nhiều giờ đồng hồ, son lên màu môi chuẩn chỉ với một lần tô.');
insert into Categogies (id, name,[description]) values (3, 'Son Romand - Glasting Water Gloss',N'Với sự thành công của Romand Glasting Water Tint, Romand Glasting Water Gloss vừa ra mắt đã ngay lập tức được giới làm đẹp tích cực săn lùng. Thân son trong suốt, nhìn thấy màu son và rất nhiều những hạt nhũ lấp lánh vô cùng bắt mắt, mang lại cảm giác trong trẻo và lung linh, thật đúng như tên gọi Water Gloss. Chất son dạng gel cực mỏng, khi thoa lên môi cảm giác như thoa một lớp nước trên môi vậy, cảm giác nhẹ nhàng rất thích. Son không hề có cảm giác dính dính khi bặm môi.');
insert into Categogies (id, name,[description]) values (4, 'Son Romand - Seethrough Matte Tint',N'Romand See-Through Matte Tint với phiên bản đặc biệt Hanbok Project với một diện mạo xinh xắn, trang nhã với chất son kem lì mịn mượt cùng với bảng màu trendy quyến rũ giúp da trở nên tươi sáng. Thiết kế lấy cảm hứng từ những tông màu pastel, nhẹ nhàng nhưng vẫn đầy sự cuốn hút, vì thế nhiều cô gái đã bị hạ gục ngay từ khi thấy bao bì xinh xắn này của dòng son Romand Se-Through Matte Tint. Kết cấu son có dạng mousse tint tạo cảm giác ẩm mịn, dễ tán đều, tệp ngay vào môi từ lần chạm đầu tiên tựa như không bôi gì.');
insert into Categogies (id, name,[description]) values (5, 'Son Romand - Zero Matte Lipstick',N'Hạt phấn tạo màu nhỏ trong chất son của Zero Gram Lipstick khiến cho màu son lên chuẩn và tạo được độ mịn lì nhất có thể, chất son mỏng nhẹ và siêu nhẹ môi, mịn màng lướt trên môi không mang lại cảm giác bết dính khó chịu. thiết kế thân son dáng trụ vuông cầm siêu chắc tay, vỏ son xám đục và nude trong suốt bao bọc bên ngoài lõi son cực kì độc đáo và sang chảnh.');
insert into Categogies (id, name,[description]) values (6, 'Son Romand - Juicy Lasting Tint',N'Son tint bóng - Hot trend mà nàng nào bỏ lỡ em này quả là một thiếu sót lớn. Em này đúng chuẩn son tint bóng nhẹ, tự nhiên lắm luôn các nàng nhé. Son apply lên môi tạo hiệu ứng đúng kiểu căng mọng tự nhiên ý, không bị dính dính môi đâu. Tuy là chất son tint nhiều dưỡng nhưng độ giữ màu của em ý vẫn đáng gờm lắm, ăn uống nhiều dầu mỡ thì lớp son vẫn giữ lại trên môi phớt hồng hồng nhẹ siêu tự nhiên.');
insert into Categogies (id, name,[description]) values (7, 'Son Gilaa - Plumping Lip Serum',N'Điểm đặc biệt mới lạ trong BST Plumping Lip Serum chính là Serum dưỡng môi căng mọng không màu. Vừa có thể sử dụng là lớp dưỡng môi mềm mịn, vừa là lớp base hỗ trợ lớp son màu lên đều đẹp chuẩn sắc.');
insert into Categogies (id, name,[description]) values (8, 'Son Gilaa - Long Wear Lip Cream',N'Thỏi Son Kem Li Cho Đôi Môi Nhiều Khuyết Điểm. Càng thoa sắc môi càng nét. Bảng màu siêu kinh điển phù hợp mọi tông da. Chứa nhiều thành phần dưỡng môi giải quyết đồng thời nhiều khuyết điểm(Shea Butter (Bơ Hạt Mỡ)Bảo vệ trước tác hại của tia UV từ ánh nắng mặt trời, hỗ trợ trị thâm môi; Macadamia (Hạt Mắc-ca)Duy trì độ ẩm mịn cho môi, chống khô và nứt nẻ môi.');
insert into Categogies (id, name,[description]) values (9, 'Son Gilaa - Long Wear Lip Cream Rich Rosie',N'Đây là phiên bản nâng cấp của dòng son kem lì dành cho đôi môi nhiều khuyết điểm đình đám. Chất son được bổ sung thêm tinh chất Bisabolol làm sáng màu môi tự nhiên, kết hợp thành phần dưỡng ẩm cao giúp môi hạn chế được trình trạng khô, bong tróc.');
insert into Categogies (id, name,[description]) values (10, 'Son Gilaa - Long Wear Lip Cream Mini Size',N'Thỏi Son Kem Li Cho Đôi Môi Nhiều Khuyết Điểm. Càng thoa sắc môi càng nét. Bảng màu siêu kinh điển phù hợp mọi tông da. Chứa nhiều thành phần dưỡng môi giải quyết đồng thời nhiều khuyết điểm(Shea Butter (Bơ Hạt Mỡ)Bảo vệ trước tác hại của tia UV từ ánh nắng mặt trời, hỗ trợ trị thâm môi; Macadamia (Hạt Mắc-ca)Duy trì độ ẩm mịn cho môi, chống khô và nứt nẻ môi.)');

drop table Product

select*from Product

create table Product (
	id INT identity(1,1) primary key,
	name VARCHAR(50),
	category_id INT,
	quantity INT,
	price INT,
	description NVARCHAR(500),
	imagine VARCHAR(max),
	imagine2 VARCHAR(max),
	imagine3 VARCHAR(max),
	created_date DATE,
	FOREIGN KEY (category_id) REFERENCES Categogies(id)
);
insert into Product ( name, category_id, quantity, price, description, imagine, imagine2, imagine3, created_date) values ( '10 Chija Beige', 1, 10, 220000, N'Son Tint bóng Romand Glasting Water Tint 10 Chija Beige mang sắc màu cam đào tươi tắn sẽ giúp đôi môi của bạn trông quyến rũ như những đóa hoa. Son có kết cấu tint bóng với lớp bóng trong suốt tách biệt với lớp satin màu rất đặc biệt.', 'https://assets-hebela.cdn.vccloud.vn/dict/1/inisrrinrgrdasiirt20211023152842romand/rdniinosnthaarndth20211026093012son-hanbok/irtorhriisnisroiih2021102610145510-chija-beige/tnididahsnssssnsds20211026101512thumb.png', 'https://ippondonz.co.nz/wp-content/uploads/2021/08/2164.jpg', 'https://img.joomcdn.net/2c8569509ec2f3789dbcf31e33172f49124e79f3_original.jpeg', '2022-09-29');
insert into Product (id, name, category_id, quantity, price, description, imagine, imagine2, imagine3, created_date) values (2, '04 Vintage Ocean', 1, 5, 175000, N'Màu son đỏ nâu nhưng không quá trầm cũng không quá nổi là sự lựa chọn thích hợp cho các cô nàng yêu thích phong cách cổ điên, vintage. Chất son bóng nhưng không hề dính, tựa lớp nước trong trẻo bao bọc lấy đôi môi. Em này cần đánh nhiều lớp thì mới có thể lên rõ màu son và không sợ bị nặng môi', 'https://vn-live-05.slatic.net/p/c7f3edf7db77c9f84b145ad1221398cc.jpg_525x525q80.jpg', 'https://product.hstatic.net/1000379579/product/1_a66e5a6d88e044b09536101453f40e0d.jpg', 'https://bloganchoi.com/wp-content/uploads/2022/01/son-romand-glasting-water-tint.jpg','2022-09-29');
insert into Product (id, name, category_id, quantity, price, description, imagine, imagine2, imagine3, created_date) values (3, '02 Red Drop', 1, 20, 175000, N'Màu son như tên gọi trông như một quả táo đỏ, phù hợp với tất cả tông da và không làm xỉn vàng men răng. Kết hợp với chất son bóng, màu son sẽ khiến đôi môi bạn chúm chím như một quả táo căng mọng vậy', 'https://cf.shopee.vn/file/5f9c2b43e63974a2f29a5d981cffe628', 'https://img.websosanh.vn/v10/users/review/images/odtvl7rv321hv/son-kem-romand-glasting-water-tint-02.jpg?compress=85', 'https://www.abholic.com/image/cache/catalog/01_Products/ROMAND/1351-2_Glasting_Water_Tint_02_Red_Drop_3_light-550x550.jpg', '2021-11-20');
insert into Product (id, name, category_id, quantity, price, description, imagine, imagine2, imagine3, created_date) values (4, '06 Purple Shower', 1, 43, 175000, N'Sắc son hồng tím cho các nàng vẻ ngoài vừa quyến rũ vừa cổ điển. Màu son có thể làm xỉn tông da nên các nàng nhớ trang điểm để tổng thể khuông mặt trông hài hòa hơn nhé!', 'https://m.media-amazon.com/images/I/71qK3nHXzvL._SL1500_.jpg', 'https://vn-test-11.slatic.net/p/d6b03a5983c7fa6c438fd532f4baf208.jpg', 'https://cf.shopee.vn/file/65fff91c7d68321c6ed210816794ab4d', '2020-10-13');
insert into Product (id, name, category_id, quantity, price, description, imagine, imagine2, imagine3, created_date) values (5, '13 Berry Violet', 1, 8, 220000, N'13 Berry Violet đỏ đỏ hồng hồng tim tím tone lạnh 10 điểm cho đêm Noel.Tips là mix với bảng phấn mắt tone hồng của Romand nữa thì nguyên combo quẩy Noel xinh thiệt xinh luôn nha', 'https://media.shopat24.com/pdzoom/485586-00-lip-tint-rom-nd.jpg', 'https://product.hstatic.net/200000223113/product/romand_glasting_water_tint_3_a2c18209d8ef4989bd927ba114918121.jpg', 'https://product.hstatic.net/1000317169/product/_13_8115705987774ceba462eb6acd04d385.jpg', '2020-01-08');
insert into Product (id, name, category_id, quantity, price, description, imagine, imagine2, imagine3, created_date) values (6, '01 Melting', 2, 36, 169000, N'Sắc hồng nude khá nữ tính, thuộc tone màu MLBB. Em này rất dễ dùng, không quá sặc sỡ. Tuy nhiên, hơi kén màu da một chút, không hợp với những cô nàng da ngăm.', 'https://mayura.com.kh/pub/media/catalog/product/cache/5d1d76eaa1ee6d4528f30674a59872e0/1/c/1c394ee28948c04e5070c84e21a1bee1.jpg', 'https://olix.vn/image/cache/catalog/ASIVANNA/01_1_45eb20173ff3463c9f562d1860fbea53_large-650x580.jpg', 'https://1.bp.blogspot.com/-ssOabvmQEtM/YVcGKy_8T0I/AAAAAAAABQs/URdudLOusPA29rryc1qiwRXCeFs32FbngCLcBGAsYHQ/s600/01.jpg', '2020-07-11');
insert into Product (id, name, category_id, quantity, price, description, imagine, imagine2, imagine3, created_date) values (7, '06 Deep Soul', 2, 17, 169000, N'Đỏ gạch siêu hot thì đỏ nâu cũng không hề kém cạnh đâu nhé. Em này luôn trong tình trạng cháy hàng. Sắc đỏ nâu vừa đủ tươi vừa đủ trầm, lên môi tuyệt đẹp.', 'https://img.ruten.com.tw/s7/08b/454/sanri4/7/14/22052396731156_992.jpg', 'https://cf.shopee.vn/file/056a32e43c54ba1497a14cca8971fc8b', 'https://cf.shopee.vn/file/b2963d6825acbb9cfe0bb11960b96d12', '2021-01-25');
insert into Product (id, name, category_id, quantity, price, description, imagine, imagine2, imagine3, created_date) values (8, '05 Witty', 2, 42, 169000, N' Đây là màu cực kỳ hợp với làn da của người Châu Á. Đỏ gạch tôn da rất tốt. Witty được tạo nên từ sự kết hợp của đỏ, cam và chút ánh nâu. Chỉ cần thoa một chút xíu thôi là gương mặt nàng đã tràn đầy sức sống rồi.', 'https://cf.shopee.vn/file/65a0fbac09b9914d05acf356eebf7f4d', 'https://cf.shopee.vn/file/52c7887d5755288d2675ba9fe4dd3ce5', 'https://cf.shopee.vn/file/fef0cb1ee68330d61a5523cfb0d9e7b4', '2022-08-26');
insert into Product (id, name, category_id, quantity, price, description, imagine, imagine2, imagine3, created_date) values (9, '16 Burny Nude', 2, 47, 169000, N'Sắc son hồng pha nâu ánh cam chuẩn MLBB trendy phù hợp với mọi tone da, lại không hề làm xỉn men răng tẹo nào, lập tức sẽ cho bạn một diện mạo tươi tắn không kém phần thu hút đó', 'https://ph-live-05.slatic.net/p/459aebaa825daf6cf96a90ce130db631.jpg_2200x2200q80.jpg_.webp', 'https://cf.shopee.vn/file/6c7bd7375c53e26a2bc0df1e254a1dd0', 'https://shanshe.vn/wp-content/uploads/2021/09/mau-son-hop-voi-da-ngam-13-min.jpg', '2020-01-01');
insert into Product (id, name, category_id, quantity, price, description, imagine, imagine2, imagine3, created_date) values (10, '18 Petal Tassel', 2, 24, 169000, N'Màu đào nude, màu sắc mang đến cho bạn đôi môi hồng hào tự nhiên, không hề bợt', 'https://img.alicdn.com/imgextra/i2/2277902067/O1CN01gNXoaW1R8jIknQyM4_!!2277902067.png', 'https://cf.shopee.vn/file/fa161bcbf7153d8551113018e3522424', 'https://mint07.com/wp-content/uploads/2021/05/thang45-recovered-31.png', '2022-10-16');
insert into Product (id, name, category_id, quantity, price, description, imagine, imagine2, imagine3, created_date) values (11, '20 Berry Brown', 2, 25, 169000, 'Berry Brown màu sắc là sự kết hợp hài hòa giữa màu lá đỏ và dâu rừng', 'https://vn-live-05.slatic.net/p/bf48c30a8a1936c300e55cf6fb7447be.jpg_525x525q80.jpg', 'https://pbs.twimg.com/media/EwfaYdmVkAQIstN?format=jpg&name=large', 'https://filebroker-cdn.lazada.vn/kf/S130eced7cbe44c2d908bf393dcc306d3m.jpg', '2021-10-04');
insert into Product (id, name, category_id, quantity, price, description, imagine, imagine2, imagine3, created_date) values (12, '21 Villain Vest', 2, 47, 169000, 'Màu đỏ mận cổ điển. Tông màu khá trầm và có ánh hồng hợp với mùa đông, hợp với những bữa tiệc cuối năm. Tôn da nhưng khi dùng màu này các bạn nên makeup 1 chút trông sẽ quyến rũ hơn.', 'https://product.hstatic.net/1000006063/product/20r_f587640821474e5fbaa40909bd77335f_1024x1024.jpg', 'https://chiaki.vn/upload/news/content/2021/01/19ce0b60a4f90e355a695c50480c7eeb-jpg-1610347159-11012021133919.jpg', 'https://cf.shopee.vn/file/71b5deeb1cfbb7e25f1620f1cd30842f', '2022-02-13');
insert into Product (id, name, category_id, quantity, price, description, imagine, imagine2, imagine3, created_date) values (13, '22 Grain Nude', 2, 9, 169000, 'Unqualified visual loss, one eye', 'https://nanashop.vn/upload/product/372175509015.jpg', 'https://bloganchoi.com/wp-content/uploads/2021/05/mau-son-22-grain-nude.jpg', 'https://filebroker-cdn.lazada.vn/kf/Sa6304f932a81496188318a4a30a3bacep.jpg', '2022-01-05');
insert into Product (id, name, category_id, quantity, price, description, imagine, imagine2, imagine3, created_date) values (14, '25 Nerd Pink', 2, 39, 169000, 'Màu hỏng phai, thêm sắc hồng nhẹ, tự nhiên cho môi thích hợp với tông da lạnh', '', '', '', '2020-03-03');
insert into Product (id, name, category_id, quantity, price, description, imagine, imagine2, imagine3, created_date) values (15, 'Solarbreeze', 7, 25, 175000, 'Glider (nonpowered) fire injuring occupant, sequela', '', '', '', '2021-07-22');
insert into Product (id, name, category_id, quantity, price, description, imagine, imagine2, imagine3, created_date) values (16, 'Hatity', 4, 25, 175000, 'Milt op involving oth firearms discharge, civilian, sequela', '', '', '', '2020-04-25');
insert into Product (id, name, category_id, quantity, price, description, imagine, imagine2, imagine3, created_date) values (17, 'Zoolab', 6, 13, 175000, 'Toxic effect of venom of N & S American snake, undet, init', '', '', '', '2020-02-15');
insert into Product (id, name, category_id, quantity, price, description, imagine, imagine2, imagine3, created_date) values (18, 'Job', 9, 43, 175000, 'Puncture wound without foreign body, right foot, subs encntr', '', '', '', '2020-02-20');
insert into Product (id, name, category_id, quantity, price, description, imagine, imagine2, imagine3, created_date) values (19, 'Home Ing', 8, 45, 175000, 'Unsp physl fx upper end unsp femur, subs for fx w nonunion', '', '', '', '2021-02-22');
insert into Product (id, name, category_id, quantity, price, description, imagine, imagine2, imagine3, created_date) values (20, 'Tampflex', 2, 16, 175000, 'Corrosion of third degree of unspecified ear, subs encntr', '', '', '', '2021-03-18');
insert into Product (id, name, category_id, quantity, price, description, imagine, imagine2, imagine3, created_date) values (21, 'Overhold', 8, 50, 175000, 'Drug-induced chronic gout, unspecified wrist, without tophus', '', '', '', '2020-06-05');
insert into Product (id, name, category_id, quantity, price, description, imagine, imagine2, imagine3, created_date) values (22, 'Pannier', 1, 16, 175000, 'Other specified bursopathies, unspecified shoulder', '', '', '', '2020-12-05');
insert into Product (id, name, category_id, quantity, price, description, imagine, imagine2, imagine3, created_date) values (23, 'Transcof', 10, 25, 175000, 'Traum hemor r cereb w LOC >24 hr w/o ret consc w surv, init', '', '', '', '2020-02-29');
insert into Product (id, name, category_id, quantity, price, description, imagine, imagine2, imagine3, created_date) values (24, 'Redhold', 2, 31, 175000, 'Contusion of fallopian tube, unspecified, subs encntr', '', '', '', '2020-04-09');
insert into Product (id, name, category_id, quantity, price, description, imagine, imagine2, imagine3, created_date) values (25, 'Zaam-Dox', 2, 44, 175000, 'Unsp occipital condyle fracture, init for clos fx', '', '', '', '2020-08-26');
insert into Product (id, name, category_id, quantity, price, description, imagine, imagine2, imagine3, created_date) values (26, 'Ronstring', 2, 38, 175000, 'Nondisp commnt fx shaft of unsp fibula, 7thJ', '', '', '', '2020-01-22');
insert into Product (id, name, category_id, quantity, price, description, imagine, imagine2, imagine3, created_date) values (27, 'Tres-Zap', 6, 36, 175000, 'Chronic nephritic syndrome with other morphologic changes', '', '', '', '2021-12-16');
insert into Product (id, name, category_id, quantity, price, description, imagine, imagine2, imagine3, created_date) values (28, 'Mat Lam Tam', 10, 47, 175000, 'Sedative, hypnotic or anxiolytic abuse, uncomplicated', '', '', '', '2022-02-06');
insert into Product (id, name, category_id, quantity, price, description, imagine, imagine2, imagine3, created_date) values (29, 'Vagram', 4, 50, 175000, 'Strain of musc/fasc/tend triceps, right arm, init', '', '', '', '2020-07-29');
insert into Product (id, name, category_id, quantity, price, description, imagine, imagine2, imagine3, created_date) values (30, 'Pannier', 5, 11, 175000, 'Toxic effect of chewing tobacco, assault, sequela', '', '', '', '2020-03-11');
insert into Product (id, name, category_id, quantity, price, description, imagine, imagine2, imagine3, created_date) values (31, 'Zoolab', 10, 40, 175000, 'Nondisp fx of low epiphy (separation) of l femr, 7thJ', '', '', '', '2020-10-25');
insert into Product (id, name, category_id, quantity, price, description, imagine, imagine2, imagine3, created_date) values (32, 'Solarbreeze', 2, 24, 175000, 'Unspecified injury of unspecified ankle, subs encntr', '', '', '', '2020-03-09');
insert into Product (id, name, category_id, quantity, price, description, imagine, imagine2, imagine3, created_date) values (33, 'Duobam', 6, 17, 175000, 'Laceration without foreign body, left ankle, sequela', '', '', '', '2022-05-23');
insert into Product (id, name, category_id, quantity, price, description, imagine, imagine2, imagine3, created_date) values (34, 'Latlux', 8, 41, 175000, 'Filamentary keratitis', '', '', '', '2021-10-18');
insert into Product (id, name, category_id, quantity, price, description, imagine, imagine2, imagine3, created_date) values (35, 'Hatity', 10, 44, 175000, 'Superficial foreign body of right thumb', '', '','', '2022-07-16');
insert into Product (id, name, category_id, quantity, price, description, imagine, imagine2, imagine3, created_date) values (36, 'Regrant', 8, 43, 175000, 'Burn of 2nd deg mul sites of right ankle and foot, subs', '', '', '', '2021-10-08');
insert into Product (id, name, category_id, quantity, price, description, imagine, imagine2, imagine3, created_date) values (37, 'Pannier', 7, 23, 175000, 'Passenger in hv veh injured in clsn w hv veh in traf, init', '', '', '', '2021-02-22');
insert into Product (id, name, category_id, quantity, price, description, imagine, imagine2, imagine3, created_date) values (38, 'Bitwolf', 10, 11, 175000, 'Contusion of right eyelid and periocular area, sequela', '', '', '', '2021-05-21');
insert into Product (id, name, category_id, quantity, price, description, imagine, imagine2, imagine3, created_date) values (39, 'Quo Lux', 9, 19, 175000, 'Defects of catalase and peroxidase', '', '', '', '2021-07-20');
insert into Product (id, name, category_id, quantity, price, description, imagine, imagine2, imagine3, created_date) values (40, 'Bamity', 8, 11, 175000, 'Human herpesvirus 7 infection', '', '', '', '2020-08-15');
insert into Product (id, name, category_id, quantity, price, description, imagine, imagine2, imagine3, created_date) values (41, 'Keylex', 7, 34, 175000, 'Disp fx of prox phalanx of r thm', '', '', '', '2021-11-07');
insert into Product (id, name, category_id, quantity, price, description, imagine, imagine2, imagine3, created_date) values (42, 'Otcom', 10, 50, 175000, 'Myiasis of other sites', '', '', '', '2021-03-25');
insert into Product (id, name, category_id, quantity, price, description, imagine, imagine2, imagine3, created_date) values (43, 'Hatity', 6, 47, 175000, 'Primary genital syphilis', '', '', '', '2022-04-10');
insert into Product (id, name, category_id, quantity, price, description, imagine, imagine2, imagine3, created_date) values (44, 'Lotstring', 1, 34, 175000, 'Other contact with turtle, sequela', '', '', '', '2021-10-18');
insert into Product (id, name, category_id, quantity, price, description, imagine, imagine2, imagine3, created_date) values (45, 'Hatity', 5, 29, 175000, 'Disp fx of lateral condyle of unsp femr, 7thN', '', '', '', '2021-11-28');
insert into Product (id, name, category_id, quantity, price, description, imagine, imagine2, imagine3, created_date) values (46, 'Alpha', 2, 13, 175000, 'Pure sensory lacunar syndrome', '', '', '', '2022-07-21');
insert into Product (id, name, category_id, quantity, price, description, imagine, imagine2, imagine3, created_date) values (47, 'Namfix', 5, 6, 175000, 'Oth sex chromosome abnormalities, male phenotype, NEC', '', '', '', '2020-06-01');
insert into Product (id, name, category_id, quantity, price, description, imagine, imagine2, imagine3, created_date) values (48, 'Bitwolf', 2, 37, 175000, 'Tear of articular cartilage of unsp knee, current, init', '', '', '', '2022-11-23');
insert into Product (id, name, category_id, quantity, price, description, imagine, imagine2, imagine3, created_date) values (49, 'Stim', 1, 38, 175000, 'Contact with sword or dagger, sequela', '', '', '', '2021-11-16');
insert into Product (id, name, category_id, quantity, price, description, imagine, imagine2, imagine3, created_date) values (50, 'Viva', 10, 29, 175000, 'Laceration of adductor musc/fasc/tend right thigh, subs', '', '', '', '2020-10-15');
insert into Product (id, name, category_id, quantity, price, description, imagine, imagine2, imagine3, created_date) values (51, 'Opela', 6, 43, 175000, 'Milt op involving unsp explosn and fragmt, civilian, sequela', '', '', '', '2021-05-22');
insert into Product (id, name, category_id, quantity, price, description, imagine, imagine2, imagine3, created_date) values (52, 'Ventosanzap', 9, 36, 175000, 'Unspecified otosclerosis', '', '', '', '2021-10-22');
insert into Product (id, name, category_id, quantity, price, description, imagine, imagine2, imagine3, created_date) values (53, 'Ventosanzap', 7, 50, 175000, 'Oth comp specific to multiple gestation, unsp trimester', '', '', '', '2021-07-19');
insert into Product (id, name, category_id, quantity, price, description, imagine, imagine2, imagine3, created_date) values (54, 'Ventosanzap', 8, 37, 175000, 'Toxic effect of unsp snake venom, accidental, subs', '', '', '', '2021-07-16');
insert into Product (id, name, category_id, quantity, price, description, imagine, imagine2, imagine3, created_date) values (55, 'Cookley', 6, 46, 175000, 'Toxic effect of unsp corrosive substance, accidental, subs', '', '', '', '2022-06-24');
insert into Product (id, name, category_id, quantity, price, description, imagine, imagine2, imagine3, created_date) values (56, 'Daltfresh', 9, 17, 175000, 'Poisoning by amphetamines, assault', '', '', '', '2022-06-03');
insert into Product (id, name, category_id, quantity, price, description, imagine, imagine2, imagine3, created_date) values (57, 'Andalax', 7, 11, 175000, 'Long term (current) use of systemic steroids', '', '', '', '2021-04-26');
insert into Product (id, name, category_id, quantity, price, description, imagine, imagine2, imagine3, created_date) values (58, 'Zamit', 7, 37, 175000, 'Lateral dislocation of right ulnohumeral joint', '', '', '', '2021-06-19');
insert into Product (id, name, category_id, quantity, price, description, imagine, imagine2, imagine3, created_date) values (59, 'Fintone', 1, 30, 175000, 'Other contact with cow', '', '', '', '2020-10-12');
insert into Product (id, name, category_id, quantity, price, description, imagine, imagine2, imagine3, created_date) values (60, 'Kanlam', 2, 41, 175000, 'Inj oth blood vessels at shldr/up arm, right arm, sequela', '', '', '', '2022-02-16');
insert into Product (id, name, category_id, quantity, price, description, imagine, imagine2, imagine3, created_date) values (61, 'Toughjoyfax', 1, 48, 175000, 'Burn of first degree of left forearm', '','', '', '2021-07-22');
insert into Product (id, name, category_id, quantity, price, description, imagine, imagine2, imagine3, created_date) values (62, 'Quo Lux', 6, 46, 175000, 'Burn due to canoe or kayak on fire, subsequent encounter', '','', '', '2022-04-30');
insert into Product (id, name, category_id, quantity, price, description, imagine, imagine2, imagine3, created_date) values (63, 'Sonsing', 2, 24, 175000, 'Partial traumatic amputation at hip joint', '', '', '', '2020-09-09');
insert into Product (id, name, category_id, quantity, price, description, imagine, imagine2, imagine3, created_date) values (64, 'Duobam', 6, 9, 175000, 'Nondisp fx of base of second MC bone. left hand, sequela', '', '', '', '2021-12-05');
insert into Product (id, name, category_id, quantity, price, description, imagine, imagine2, imagine3, created_date) values (65, 'Wrapsafe', 5, 8, 175000, 'Chronic osteomyelitis with draining sinus, shoulder', '', '', '', '2020-01-25');
insert into Product (id, name, category_id, quantity, price, description, imagine, imagine2, imagine3, created_date) values (66, 'Zoolab', 6, 46, 175000, 'Pnctr w foreign body of finger w damage to nail, sequela', '', '', '', '2021-08-26');
insert into Product (id, name, category_id, quantity, price, description, imagine, imagine2, imagine3, created_date) values (67, 'Matsoft', 9, 24, 175000, 'Oth athscl nonaut bio bypass of the extrm, unsp extremity', '', '', '', '2021-03-21');
insert into Product (id, name, category_id, quantity, price, description, imagine, imagine2, imagine3, created_date) values (68, 'Gembucket', 6, 19, 175000, 'Unspecified physeal fracture of phalanx of left toe, 7thG', '', '', '', '2020-03-17');
insert into Product (id, name, category_id, quantity, price, description, imagine, imagine2, imagine3, created_date) values (69, 'Zamit', 3, 10, 175000, 'Injury of muscle, fascia and tendon at wrist and hand level', '', '', '', '2022-07-31');
insert into Product (id, name, category_id, quantity, price, description, imagine, imagine2, imagine3, created_date) values (70, 'Opela', 7, 20, 175000, 'Poisoning by iminostilbenes, accidental, sequela', '', '', '', '2020-09-09');
insert into Product (id, name, category_id, quantity, price, description, imagine, imagine2, imagine3, created_date) values (71, 'Domainer', 9, 49, 175000, 'Underdosing of antiparkns drug/centr muscle-tone depr, subs', '', '', '', '2021-05-24');
insert into Product (id, name, category_id, quantity, price, description, imagine, imagine2, imagine3, created_date) values (72, 'Keylex', 4, 5, 175000, 'Simple chronic conjunctivitis, left eye', '', '', '', '2020-07-21');
insert into Product (id, name, category_id, quantity, price, description, imagine, imagine2, imagine3, created_date) values (73, 'Zaam-Dox', 3, 39, 175000, 'Corros third degree of unsp single finger except thumb, init', '', '', '', '2021-07-08');
insert into Product (id, name, category_id, quantity, price, description, imagine, imagine2, imagine3, created_date) values (74, 'Y-find', 4, 50, 175000, 'Corrosion of second degree back of unsp hand, init encntr', '', '', '', '2021-05-18');
insert into Product (id, name, category_id, quantity, price, description, imagine, imagine2, imagine3, created_date) values (75, 'Biodex', 2, 17, 175000, 'Bi femoral hernia, w obst, w/o gangrene, not spcf as recur', '', '', '', '2021-08-03');
insert into Product (id, name, category_id, quantity, price, description, imagine, imagine2, imagine3, created_date) values (76, 'Bamity', 1, 12, 175000, 'Unsp open wound of left great toe w/o damage to nail, init', '', '', '', '2020-09-08');
insert into Product (id, name, category_id, quantity, price, description, imagine, imagine2, imagine3, created_date) values (77, 'Veribet', 5, 28, 175000, 'Disloc of proximal interphaln joint of l mid finger, init', '', '', '', '2022-09-17');
insert into Product (id, name, category_id, quantity, price, description, imagine, imagine2, imagine3, created_date) values (78, 'Zontrax', 2, 31, 175000, 'Partial traumatic amputation of right forearm, level unsp', '', '', '', '2020-08-01');
insert into Product (id, name, category_id, quantity, price, description, imagine, imagine2, imagine3, created_date) values (79, 'Greenlam', 10, 27, 175000, 'Toxic effect of venom of caterpillars, undetermined', '', '', '', '2021-03-04');
insert into Product (id, name, category_id, quantity, price, description, imagine, imagine2, imagine3, created_date) values (80, 'Zamit', 8, 9, 175000, 'Passenger on bus injured in clsn w ped/anml in traf, subs', '', '', '', '2022-02-14');
insert into Product (id, name, category_id, quantity, price, description, imagine, imagine2, imagine3, created_date) values (81, 'Bamity', 9, 7, 175000, 'Traumatic rupture of left radiocarpal ligament, sequela', '', '', '', '2020-09-12');
insert into Product (id, name, category_id, quantity, price, description, imagine, imagine2, imagine3, created_date) values (82, 'Vagram', 4, 11, 175000, 'Laceration with foreign body of right hand, init encntr', '', '', '', '2021-10-10');
insert into Product (id, name, category_id, quantity, price, description, imagine, imagine2, imagine3, created_date) values (83, 'Voyatouch', 1, 17, 175000, 'Unsp inj flexor musc/fasc/tend l thm at forarm lv, sequela', '', '', '', '2022-01-17');
insert into Product (id, name, category_id, quantity, price, description, imagine, imagine2, imagine3, created_date) values (84, 'Tresom', 10, 12, 175000, 'Oxytocic drugs', '', '', '', '2020-01-01');
insert into Product (id, name, category_id, quantity, price, description, imagine, imagine2, imagine3, created_date) values (85, 'Overhold', 8, 29, 175000, 'Oth fracture of right femur, subs for clos fx w malunion', '', '', '', '2021-10-29');
insert into Product (id, name, category_id, quantity, price, description, imagine, imagine2, imagine3, created_date) values (86, 'Lotlux', 9, 38, 175000, 'Unspecified injury of thoracic aorta', '', '', '', '2021-11-26');
insert into Product (id, name, category_id, quantity, price, description, imagine, imagine2, imagine3, created_date) values (87, 'Toughjoyfax', 4, 9, 175000, 'Struck by sea lion', '', '', '', '2022-04-01');
insert into Product (id, name, category_id, quantity, price, description, imagine, imagine2, imagine3, created_date) values (88, 'Job', 2, 48, 175000, 'Injury of right uterine artery, subsequent encounter', '', '', '', '2022-02-24');
insert into Product (id, name, category_id, quantity, price, description, imagine, imagine2, imagine3, created_date) values (89, 'Namfix', 10, 47, 175000, 'Unspecified injury of deep palmar arch of right hand', '', '', '', '2021-12-23');
insert into Product (id, name, category_id, quantity, price, description, imagine, imagine2, imagine3, created_date) values (90, 'Greenlam', 6, 41, 175000, 'Terrorism involving biolg weapons, publ sfty offcl injured', '', '', '', '2020-03-27');
insert into Product (id, name, category_id, quantity, price, description, imagine, imagine2, imagine3, created_date) values (91, 'Viva', 9, 19, 175000, 'Other specified crystal arthropathies, right elbow','', '', '', '2022-01-13');
insert into Product (id, name, category_id, quantity, price, description, imagine, imagine2, imagine3, created_date) values (92, 'Ventosanzap', 3, 33, 175000, 'Other reactive arthropathies, ankle and foot', '', '', '', '2022-08-09');
insert into Product (id, name, category_id, quantity, price, description, imagine, imagine2, imagine3, created_date) values (93, 'Transcof', 5, 18, 175000, 'Poisoning by methylphenidate, accidental, init', '', '', '', '');
insert into Product (id, name, category_id, quantity, price, description, imagine, imagine2, imagine3, created_date) values (94, 'Tin', 6, 25, 175000, 'Lac w fb of unsp external genital organs, female, init', '', '', '', '');
insert into Product (id, name, category_id, quantity, price, description, imagine, imagine2, imagine3, created_date) values (95, 'Hatity', 8, 11, 175000, 'Contact with hot household appliance, undetermined intent', '', '', '', '2021-05-16');
insert into Product (id, name, category_id, quantity, price, description, imagine, imagine2, imagine3, created_date) values (96, 'Treeflex', 7, 44, 175000, 'Nondisp oblique fx shaft of l ulna, 7thK', '', '', '', '2020-02-16');
insert into Product (id, name, category_id, quantity, price, description, imagine, imagine2, imagine3, created_date) values (97, 'Treeflex', 5, 40, 175000, 'Displaced dome fx unsp acetabulum, subs for fx w routn heal', '', '', '', '2021-09-06');
insert into Product (id, name, category_id, quantity, price, description, imagine, imagine2, imagine3, created_date) values (98, 'Matsoft', 4, 34, 175000, 'Poisoning by antiparkns drug/centr musc-tone depr, self-harm', '', '', '', '2020-10-17');
insert into Product (id, name, category_id, quantity, price, description, imagine, imagine2, imagine3, created_date) values (99, 'Home Ing', 4, 50, 175000, 'Displ seg fx shaft of r femr, 7thJ', '', '', '', '2022-10-17');
insert into Product (id, name, category_id, quantity, price, description, imagine, imagine2, imagine3, created_date) values (100, 'Trippledex', 6, 23, 175000, 'Poisoning by heroin, intentional self-harm, subs encntr', '', '', '', '2020-11-02');


drop table Account
create table Account (
	id INT,
	username VARCHAR(50) primary key,
	password VARCHAR(50),
	displayname VARCHAR(50),
	email VARCHAR(50),
	numberphone VARCHAR(50),
	address VARCHAR(50),
	status int
);
insert into Account (id, username, password, displayname, email, numberphone, address,status) values (1, 'Admin', '123456', 'Brightdog', 'ochestnutt0@comcast.net', '763-534-3469', '66 Bashford Way',1);
insert into Account (id, username, password, displayname, email, numberphone, address,status) values (2, 'Overhold', 'x7xKOQ', 'Photobug', 'lalderman1@wisc.edu', '303-229-7950', '0 Holy Cross Avenue',0);
insert into Account (id, username, password, displayname, email, numberphone, address,status) values (3, 'Solarbreeze', 'suV0ew', 'Avamm', 'dsimkovich2@google.de', '382-547-1419', '5 Trailsway Pass',0);
insert into Account (id, username, password, displayname, email, numberphone, address,status) values (4, 'Aerified', 'qSiPr1Ob7m7', 'Oyoloo', 'hsherbourne3@list-manage.com', '820-119-2114', '31 Lakewood Gardens Hill',0);
insert into Account (id, username, password, displayname, email, numberphone, address,status) values (5, 'Cardify', 'dp7iexVD', 'Thoughtstorm', 'ewraighte4@posterous.com', '616-133-7732', '893 Sauthoff Park',0);